,Presupuesto Marketing,Ventas Estimadas
0,70000,48346.91187858154
1,70000,48346.91187858154
2,40000,33371.263176272274
3,40000,33371.263176272274
4,80000,53338.794779351294
5,70000,48346.91187858154
